{
"Profiles": [
{
  "Ansi 6 Color" : {
    "Green Component" : 0.7502231597900391,
    "Red Component" : 0.4486223757266998,
    "Blue Component" : 0.6932327151298523
  },
  "Ansi 12 Color" : {
    "Green Component" : 0.6338066458702087,
    "Red Component" : 0.5065235495567322,
    "Blue Component" : 0.7473427653312683
  },
  "Tags" : [

  ],
  "Use Non-ASCII Font" : false,
  "Normal Font" : "Monaco 12",
  "Bold Color" : {
    "Green Component" : 0.7839126586914062,
    "Red Component" : 0.7704370021820068,
    "Blue Component" : 0.7782991528511047
  },
  "Ansi 3 Color" : {
    "Green Component" : 0.7804142236709595,
    "Red Component" : 0.9051539301872253,
    "Blue Component" : 0.1921597868204117
  },
  "Ansi 4 Color" : {
    "Green Component" : 0.6463523507118225,
    "Red Component" : 0.4812442660331726,
    "Blue Component" : 0.8701846599578857
  },
  "Ansi 5 Color" : {
    "Green Component" : 0.5932796001434326,
    "Red Component" : 0.7579483985900879,
    "Blue Component" : 0.8616616129875183
  },
  "Default Bookmark" : "No",
  "Rows" : 40,
  "Cursor Guide Color" : {
    "Red Component" : 0.65,
    "Color Space" : "Calibrated",
    "Blue Component" : 1,
    "Alpha Component" : 0.25,
    "Green Component" : 0.91
  },
  "Non-ASCII Anti Aliased" : true,
  "Use Bright Bold" : true,
  "Ansi 10 Color" : {
    "Green Component" : 0.7412878274917603,
    "Red Component" : 0.7081554532051086,
    "Blue Component" : 0.4059737026691437
  },
  "Ambiguous Double Width" : false,
  "Jobs to Ignore" : [
    "rlogin",
    "ssh",
    "slogin",
    "telnet"
  ],
  "Ansi 15 Color" : {
    "Green Component" : 0.921221911907196,
    "Red Component" : 0.9258888363838196,
    "Blue Component" : 0.9266586303710938
  },
  "Foreground Color" : {
    "Green Component" : 0.9167128801345825,
    "Red Component" : 0.9165446162223816,
    "Blue Component" : 0.9164876937866211
  },
  "Working Directory" : "\/Users\/matt",
  "Blinking Cursor" : false,
  "Disable Window Resizing" : true,
  "Prompt Before Closing 2" : false,
  "Description" : "Default",
  "BM Growl" : true,
  "Command" : "\/usr\/local\/bin\/zsh -i",
  "Mouse Reporting" : true,
  "Sync Title" : false,
  "Screen" : -1,
  "Selection Color" : {
    "Green Component" : 0.2602700591087341,
    "Red Component" : 0.2602222859859467,
    "Blue Component" : 0.2602061331272125
  },
  "Columns" : 105,
  "Idle Code" : 0,
  "Ansi 13 Color" : {
    "Green Component" : 0.5800797343254089,
    "Red Component" : 0.6966391801834106,
    "Blue Component" : 0.7348107695579529
  },
  "Custom Command" : "Yes",
  "ASCII Anti Aliased" : true,
  "Non Ascii Font" : "Monaco 12",
  "Background Color" : {
    "Green Component" : 0,
    "Red Component" : 0,
    "Blue Component" : 0
  },
  "Use Bold Font" : true,
  "Option Key Sends" : 0,
  "Selected Text Color" : {
    "Green Component" : 0.9167128801345825,
    "Red Component" : 0.9165446162223816,
    "Blue Component" : 0.9164876937866211
  },
  "Vertical Spacing" : 1,
  "Character Encoding" : 4,
  "Ansi 11 Color" : {
    "Green Component" : 0.7749720811843872,
    "Red Component" : 0.9394470453262329,
    "Blue Component" : 0.4551140069961548
  },
  "Use Italic Font" : true,
  "Unlimited Scrollback" : false,
  "Keyboard Map" : {
    "0xf702-0x300000" : {
      "Text" : "0x01",
      "Action" : 11
    },
    "0x5e-0x60000" : {
      "Text" : "0x1e",
      "Action" : 11
    },
    "0xf703-0x300000" : {
      "Text" : "0x05",
      "Action" : 11
    },
    "0xf702-0x260000" : {
      "Text" : "0x1b 0x1b 0x5b 0x44",
      "Action" : 11
    },
    "0xf702-0x240000" : {
      "Text" : "[5D",
      "Action" : 10
    },
    "0xf703-0x260000" : {
      "Text" : "[C",
      "Action" : 10
    },
    "0x2d-0x40000" : {
      "Text" : "0x1f",
      "Action" : 11
    },
    "0xf702-0x220000" : {
      "Text" : "[D",
      "Action" : 10
    },
    "0xf703-0x240000" : {
      "Text" : "[5C",
      "Action" : 10
    },
    "0xf703-0x220000" : {
      "Text" : "[C",
      "Action" : 10
    },
    "0xf700-0x280000" : {
      "Text" : "[A",
      "Action" : 10
    },
    "0xf70a-0x20000" : {
      "Text" : "[28~",
      "Action" : 10
    },
    "0xf700-0x260000" : {
      "Text" : "[A",
      "Action" : 10
    },
    "0xf701-0x280000" : {
      "Text" : "[B",
      "Action" : 10
    },
    "0xf700-0x240000" : {
      "Text" : "[A",
      "Action" : 10
    },
    "0xf701-0x260000" : {
      "Text" : "[B",
      "Action" : 10
    },
    "0xf700-0x220000" : {
      "Text" : "[A",
      "Action" : 10
    },
    "0xf701-0x240000" : {
      "Text" : "[B",
      "Action" : 10
    },
    "0xf72b-0x20000" : {
      "Text" : "[F",
      "Action" : 10
    },
    "0xf701-0x220000" : {
      "Text" : "[B",
      "Action" : 10
    },
    "0xf708-0x20000" : {
      "Text" : "[25~",
      "Action" : 10
    },
    "0xf709-0x20000" : {
      "Text" : "[26~",
      "Action" : 10
    },
    "0xf70b-0x20000" : {
      "Text" : "[29~",
      "Action" : 10
    },
    "0xf72b-0x40000" : {
      "Text" : "",
      "Action" : 4
    },
    "0xf729-0x20000" : {
      "Text" : "[H",
      "Action" : 10
    },
    "0xf729-0x40000" : {
      "Text" : "",
      "Action" : 5
    },
    "0x7f-0x80000" : {
      "Text" : "0x1b 0x08",
      "Action" : 11
    },
    "0x7f-0x100000" : {
      "Text" : "0x15",
      "Action" : 11
    }
  },
  "Window Type" : 0,
  "Background Image Location" : "",
  "Blur" : false,
  "Badge Color" : {
    "Red Component" : 1,
    "Color Space" : "Calibrated",
    "Blue Component" : 0,
    "Alpha Component" : 0.5,
    "Green Component" : 0
  },
  "Scrollback Lines" : 1000,
  "Send Code When Idle" : false,
  "Close Sessions On End" : true,
  "Terminal Type" : "xterm-256color",
  "Visual Bell" : false,
  "Flashing Bell" : false,
  "Silence Bell" : false,
  "Ansi 14 Color" : {
    "Green Component" : 0.7454860806465149,
    "Red Component" : 0.5394676923751831,
    "Blue Component" : 0.7180035710334778
  },
  "Name" : "Default",
  "Cursor Text Color" : {
    "Green Component" : 0.7839126586914062,
    "Red Component" : 0.7704370021820068,
    "Blue Component" : 0.7782991528511047
  },
  "Shortcut" : "",
  "Cursor Color" : {
    "Green Component" : 0.6876679658889771,
    "Red Component" : 0.6828800439834595,
    "Blue Component" : 0.6770920753479004
  },
  "Transparency" : 0,
  "Ansi 1 Color" : {
    "Green Component" : 0.3171586394309998,
    "Red Component" : 0.8244531750679016,
    "Blue Component" : 0.3169235289096832
  },
  "Ansi 2 Color" : {
    "Green Component" : 0.7956584095954895,
    "Red Component" : 0.7325266003608704,
    "Blue Component" : 0.212739035487175
  },
  "Custom Directory" : "Recycle",
  "Ansi 0 Color" : {
    "Green Component" : 0,
    "Red Component" : 0,
    "Blue Component" : 0
  },
  "Guid" : "CC326C2A-F350-44C2-A00F-B952CBF61E4C",
  "Link Color" : {
    "Red Component" : 0.023,
    "Color Space" : "Calibrated",
    "Blue Component" : 0.678,
    "Alpha Component" : 1,
    "Green Component" : 0.27
  },
  "Ansi 7 Color" : {
    "Green Component" : 0.5859768986701965,
    "Red Component" : 0.5732706189155579,
    "Blue Component" : 0.5757957100868225
  },
  "Ansi 8 Color" : {
    "Green Component" : 0.39888995885849,
    "Red Component" : 0.3988273143768311,
    "Blue Component" : 0.3988045156002045
  },
  "Ansi 9 Color" : {
    "Green Component" : 0.3993444740772247,
    "Red Component" : 0.8016550540924072,
    "Blue Component" : 0.4019916951656342
  },
  "Horizontal Spacing" : 1,
  "Right Option Key Sends" : 0
}
]
}

